user_id,username,password_hash,role
00d77261-f6fd-4e3d-b37c-f78025db1025,patient_0,hash_0,Patient
05e3f50c-96d0-48a9-93ee-f3627394ee0a,patient_1,hash_1,Patient
a3c1ce73-9f45-4eec-a15a-95ba89863ca7,patient_2,hash_2,Patient
feec60b9-70d8-4a86-abea-b14967881904,patient_3,hash_3,Patient
ca1943e8-9e40-4ff0-b48f-6b206c55a70c,patient_4,hash_4,Patient
22fa4aee-caa1-4068-b282-842ac27154c8,patient_5,hash_5,Patient
c068733d-b562-4827-95b2-be86901b41a9,patient_6,hash_6,Patient
8ad0f560-da88-479c-ade1-0d63622844d3,patient_7,hash_7,Patient
fc1bc3a2-ecab-4792-843d-431080c75702,patient_8,hash_8,Patient
bcc7f63a-9e61-4ce9-a474-d45c2d41ff5a,patient_9,hash_9,Patient
1bdd5769-4cdb-4e9c-a42a-4bf03add8f21,patient_10,hash_10,Patient
c47546ea-6eed-4877-babb-60c757c61f3b,patient_11,hash_11,Patient
3be00ca2-bfd3-4757-8a6a-f28ca6b1a404,patient_12,hash_12,Patient
01d4e254-2fc8-41f5-9594-3be4955a7348,patient_13,hash_13,Patient
8641313b-f582-44d2-92a5-f9067cbbc7e1,patient_14,hash_14,Patient
0310b568-0936-4007-a4c6-7690d0039c84,patient_15,hash_15,Patient
48bc12a5-3849-4d23-93b9-7b45cae4898b,patient_16,hash_16,Patient
858f2d5f-5f22-478f-99d5-b03bd2c199cb,patient_17,hash_17,Patient
f45e4506-5b0c-4ef3-85de-5771547b6a77,patient_18,hash_18,Patient
58a87f95-7b54-44fd-9230-bc001717ece1,patient_19,hash_19,Patient
65a4f59a-b84c-4a78-8b46-9b8218a78992,patient_20,hash_20,Patient
6141451a-bf2e-4451-9dfc-6fa8e3c6f51a,patient_21,hash_21,Patient
77303f50-829a-4409-9387-bb6cd0d33891,patient_22,hash_22,Patient
62d29293-c5c7-448d-a2b3-bb27bac29c3b,patient_23,hash_23,Patient
4a15a0dd-8db3-4aa5-8e6e-96d36ff7ac63,patient_24,hash_24,Patient
7cda3a37-1a80-4638-9b12-4de84b6685c2,patient_25,hash_25,Patient
109f4de4-95e7-4f4d-89d4-f20b29152180,patient_26,hash_26,Patient
9f5f2bbd-a98d-43bc-8754-474e3ee3ab58,patient_27,hash_27,Patient
aec1180b-dcc5-4a56-82e2-65695ba77dec,patient_28,hash_28,Patient
97210e54-9be7-4534-83f6-dc8723dc24b4,patient_29,hash_29,Patient
479d344d-3a47-48ad-be2b-9bbd3a21aa1d,patient_30,hash_30,Patient
6f3e0844-6a41-4f46-83b5-2644c5cd422a,patient_31,hash_31,Patient
92c9df69-bc7f-467f-8975-5aa0eef905ed,patient_32,hash_32,Patient
e783077f-0a4e-433d-a963-d48b1d30e352,patient_33,hash_33,Patient
7f7479c6-bca0-4f9b-abdf-9762a30b990e,patient_34,hash_34,Patient
e945e686-7063-46d3-80a0-31165e99cf2d,patient_35,hash_35,Patient
ab70ba01-582a-43d4-b69d-549134619de4,patient_36,hash_36,Patient
9f4b94d3-0ec3-454d-888f-d4fdde3781a5,patient_37,hash_37,Patient
97a0f352-e826-49a6-a36e-5244c3c23d70,patient_38,hash_38,Patient
4f400426-0ed0-4b79-b0d0-085548215548,patient_39,hash_39,Patient
7a4899b7-467e-4d2c-aeb4-e65c4e0ea56f,patient_40,hash_40,Patient
e511f2ec-3235-4d25-a1d9-5a23b0abc452,patient_41,hash_41,Patient
99cd94c3-9106-4ea4-be33-569850834fa8,patient_42,hash_42,Patient
7152c637-e704-4a00-b353-32073c6a3cad,patient_43,hash_43,Patient
0e930ebb-4496-463c-ad42-b1c75be30629,patient_44,hash_44,Patient
97783a0a-2bf2-442e-b6c1-85f5fd43c907,patient_45,hash_45,Patient
dc64336c-a804-468c-867a-bb8a2df4f786,patient_46,hash_46,Patient
354d7dcb-5fb0-484e-93c6-e4e835111792,patient_47,hash_47,Patient
71164d45-9563-4a40-b86f-81a63b3d7695,patient_48,hash_48,Patient
d1ea9aae-0e2f-4374-958a-cc02176a5df0,patient_49,hash_49,Patient
bd51448e-b1ea-4190-af1b-b1f89b794d67,patient_50,hash_50,Patient
c218edf0-15e4-4658-946a-fa41d664cff7,patient_51,hash_51,Patient
a863d04d-8428-4f95-82ca-2d63e26b504d,patient_52,hash_52,Patient
ab78c127-0c55-4dce-97d8-0dc2ce679929,patient_53,hash_53,Patient
15b67b52-7c53-444a-a7ff-898ed18c1454,patient_54,hash_54,Patient
bd94f5a7-62f5-4aa8-83b0-279c9115bcc8,patient_55,hash_55,Patient
53aaf9d6-e13a-466f-9ed2-b14da4b82690,patient_56,hash_56,Patient
2c3e98ca-1ca4-4755-bcdb-fafb4379b355,patient_57,hash_57,Patient
ca99e36f-9d39-440b-9961-f3d7ec3d3463,patient_58,hash_58,Patient
dd1e6322-9279-4317-acf4-9eb7faae43f1,patient_59,hash_59,Patient
76a2ca9a-7ee5-46a9-9dbd-1e2440ec38e9,doctor_0,hash_60,Doctor
0eb29522-3f2e-40b5-b2a6-b5f7fc9ba516,doctor_1,hash_61,Doctor
118f7790-25a2-450f-9a0a-ca4f5942027a,doctor_2,hash_62,Doctor
73d6b87a-8c32-43df-8763-90e859af2766,doctor_3,hash_63,Doctor
9391d2fd-3b94-4748-87da-45aa92f4ac56,doctor_4,hash_64,Doctor
c17a4ec2-c085-490a-9999-e531b29d746d,doctor_5,hash_65,Doctor
09f3b9bf-8eb9-456d-b86b-04e70ed3da85,doctor_6,hash_66,Doctor
dd94f87b-a48b-474f-b791-1a0a98a2dfbf,doctor_7,hash_67,Doctor
41d38fcd-8fd7-45b5-8a1a-c571ce2125e0,doctor_8,hash_68,Doctor
dd0584c6-220f-46ad-a6f9-366cf3e95d1b,doctor_9,hash_69,Doctor
dbd4ed8d-03bc-472f-9362-8421013b1e9f,doctor_10,hash_70,Doctor
d3c6f020-5a8c-42dd-859b-4ea50c1e0fc3,doctor_11,hash_71,Doctor
e54a7490-a728-4417-b965-5b67891b421c,doctor_12,hash_72,Doctor
547299e6-8eca-41f4-a15a-eeb6d4cf4087,doctor_13,hash_73,Doctor
05552c70-1fbe-4b26-9a3b-352fd71daf92,doctor_14,hash_74,Doctor
4f66c657-66d1-45d5-b8cf-074abd4610dc,doctor_15,hash_75,Doctor
23d3efac-441c-4db5-be76-a6470a292ddc,doctor_16,hash_76,Doctor
cd5459dd-6cab-4cd4-905c-aeb386f62e4f,doctor_17,hash_77,Doctor
800054c9-dbb7-4926-baca-ce931f528a4e,doctor_18,hash_78,Doctor
c9178160-39a8-411c-a6a9-14591976a508,doctor_19,hash_79,Doctor
e2c83fd2-79b5-4da7-b02d-f692750eb864,doctor_20,hash_80,Doctor
74cf1426-21b8-470f-9322-be79d6c8e4be,doctor_21,hash_81,Doctor
c0f8e1a4-52a1-4ab1-964d-6d58222fa869,doctor_22,hash_82,Doctor
59adae13-960b-4b5c-b99d-7074c9aa2a10,doctor_23,hash_83,Doctor
9f244a15-a0e1-42dd-a952-5a3fd5ea1ce0,doctor_24,hash_84,Doctor
3202a3d4-04c0-48c8-8068-3cb64f47a057,doctor_25,hash_85,Doctor
38fa376e-bb06-40f7-800b-30452700a874,doctor_26,hash_86,Doctor
0d4cf577-9364-44f0-82eb-a1e5b4ac0671,doctor_27,hash_87,Doctor
9dfaa0e7-78f1-4ff2-95ad-76caccae7ee2,doctor_28,hash_88,Doctor
7a44f80e-825d-48ca-a2f7-f55c919945fa,doctor_29,hash_89,Doctor
06e2bf42-9840-4598-8733-157d1a276e8d,doctor_30,hash_90,Doctor
b5eb5b8a-197c-474f-8da9-eacb2855315a,doctor_31,hash_91,Doctor
52e6772d-b80d-4fe7-b3f4-3062533fa182,doctor_32,hash_92,Doctor
877c4b9e-a1da-4152-8b39-33654931b3c9,doctor_33,hash_93,Doctor
45934d98-68ae-43ba-86a9-1f687726041c,doctor_34,hash_94,Doctor
f46f2f64-b497-4c56-9200-dd16cf1df800,doctor_35,hash_95,Doctor
539bd6d5-b7b5-401e-8564-b86fb6156d6b,doctor_36,hash_96,Doctor
e255b044-145c-42f6-994e-b1ac0d1e8881,doctor_37,hash_97,Doctor
445d3525-7957-4a3a-88f8-e580266d8958,doctor_38,hash_98,Doctor
6aa093d7-a425-4bcc-a011-577e0aee4348,doctor_39,hash_99,Doctor
c896cdc2-c504-4061-827c-079aeb269e09,doctor_40,hash_100,Doctor
567fc3b7-f5ae-4756-b8f3-4d470f5a649e,doctor_41,hash_101,Doctor
0ac9270b-8c5d-4f32-9745-73e4f7113da8,doctor_42,hash_102,Doctor
7e39358d-a4d9-4f0e-9c63-407d1510723e,doctor_43,hash_103,Doctor
cfbc48c8-c1ae-46bb-aeba-ffd100a855e2,doctor_44,hash_104,Doctor
5aebc457-3d82-491f-aef6-ff3021a88d96,doctor_45,hash_105,Doctor
468ef63a-c2bb-4281-ac3a-b401fd77eb8e,doctor_46,hash_106,Doctor
f3ff849b-3b5f-4b00-9c76-c58e49727bbe,doctor_47,hash_107,Doctor
db4e556f-34d4-4e4c-9648-7ffc5fffc87c,doctor_48,hash_108,Doctor
306b972d-6f13-460f-939f-7ca5ee66b24c,doctor_49,hash_109,Doctor
0bf835e6-7e06-454d-bd36-0c0faa8d294f,doctor_50,hash_110,Doctor
54947802-b930-4e4a-83f0-e6707f94a24a,doctor_51,hash_111,Doctor
4d1a5ec9-9c84-43c2-a02d-515559fcf4c0,doctor_52,hash_112,Doctor
bfcf0ad7-c3ac-4226-986c-72dd8ea6724d,doctor_53,hash_113,Doctor
39bd0ea0-d35c-4ce5-aa52-389f7c1e935b,doctor_54,hash_114,Doctor
68049e05-c48b-45ec-8147-5df3c12b1572,doctor_55,hash_115,Doctor
718fc20d-0178-46d0-8308-29e945fbf384,doctor_56,hash_116,Doctor
871c2585-f263-4c44-b128-8fcd2d95b1e3,doctor_57,hash_117,Doctor
491b6501-7a73-49b0-a2b0-f70d72f1cdc9,doctor_58,hash_118,Doctor
31f3bf21-9c81-426b-9987-e16b79d6db7a,doctor_59,hash_119,Doctor
c41c76ab-8943-420f-ae93-ae73ad653769,admin_0,hash_120,Admin
cce2d6dd-bf56-4f5b-a275-a35dfaaf5dd4,admin_1,hash_121,Admin
e8bc3e1b-9e44-4724-8ade-f5fc9d666753,admin_2,hash_122,Admin
51f04e2e-202d-4d8d-8b0d-163b52b353c8,admin_3,hash_123,Admin
1e9584ab-bb90-4873-bc4c-29574efc1061,admin_4,hash_124,Admin
